<?xml version="1.0" encoding="UTF-8"?>
<project-private xmlns="http://www.netbeans.org/ns/project-private/1">
    <editor-bookmarks xmlns="http://www.netbeans.org/ns/editor-bookmarks/2" lastBookmarkId="0"/>
    <open-files xmlns="http://www.netbeans.org/ns/projectui-open-files/2">
        <group>
            <file>file:/C:/Users/Ahsan/Desktop/Protocol6_1/src/protocol6/NetworkLayer.java</file>
            <file>file:/C:/Users/Ahsan/Desktop/Protocol6_1/src/protocol6/File_ByteArray.java</file>
            <file>file:/C:/Users/Ahsan/Desktop/Protocol6_1/src/protocol6/ConnectionDaemon.java</file>
            <file>file:/C:/Users/Ahsan/Desktop/Protocol6_1/src/protocol6/DataLinkLayer.java</file>
            <file>file:/C:/Users/Ahsan/Desktop/Protocol6_1/src/protocol6/SimPhy.java</file>
            <file>file:/C:/Users/Ahsan/Desktop/Protocol6_1/src/protocol6/Utilities.java</file>
        </group>
    </open-files>
</project-private>
